{
  "generatedAt": "2026-02-01T00:00:00Z",
  "total": 10,
  "items": [
    {
      "slug": "bangkok-thailand",
      "city": "Bangkok",
      "country": "Thailand",
      "region": "Southeast Asia",
      "languageCodes": [
        "th",
        "en"
      ],
      "heroImage": "/images/bangkok-thailand.jpg",
      "tags": [
        "city-break",
        "culture",
        "food"
      ],
      "updatedAt": "2026-02-01T00:00:00Z"
    },
    {
      "slug": "istanbul-turkiye",
      "city": "Istanbul",
      "country": "Türkiye",
      "region": "Europe & Asia",
      "languageCodes": [
        "tr",
        "en"
      ],
      "heroImage": "/images/istanbul-turkiye.jpg",
      "tags": [
        "city-break",
        "culture",
        "food"
      ],
      "updatedAt": "2026-02-01T00:00:00Z"
    },
    {
      "slug": "london-united-kingdom",
      "city": "London",
      "country": "United Kingdom",
      "region": "Western Europe",
      "languageCodes": [
        "en"
      ],
      "heroImage": "/images/london-united-kingdom.jpg",
      "tags": [
        "city-break",
        "culture",
        "food"
      ],
      "updatedAt": "2026-02-01T00:00:00Z"
    },
    {
      "slug": "hong-kong",
      "city": "Hong Kong",
      "country": "China SAR",
      "region": "East Asia",
      "languageCodes": [
        "zh-HK",
        "en"
      ],
      "heroImage": "/images/hong-kong.jpg",
      "tags": [
        "city-break",
        "culture",
        "food"
      ],
      "updatedAt": "2026-02-01T00:00:00Z"
    },
    {
      "slug": "makkah-saudi-arabia",
      "city": "Makkah",
      "country": "Saudi Arabia",
      "region": "Middle East",
      "languageCodes": [
        "ar",
        "en"
      ],
      "heroImage": "/images/makkah-saudi-arabia.jpg",
      "tags": [
        "city-break",
        "culture",
        "food"
      ],
      "updatedAt": "2026-02-01T00:00:00Z"
    },
    {
      "slug": "antalya-turkiye",
      "city": "Antalya",
      "country": "Türkiye",
      "region": "Mediterranean",
      "languageCodes": [
        "tr",
        "en"
      ],
      "heroImage": "/images/antalya-turkiye.jpg",
      "tags": [
        "city-break",
        "culture",
        "food"
      ],
      "updatedAt": "2026-02-01T00:00:00Z"
    },
    {
      "slug": "dubai-uae",
      "city": "Dubai",
      "country": "United Arab Emirates",
      "region": "Middle East",
      "languageCodes": [
        "ar",
        "en"
      ],
      "heroImage": "/images/dubai-uae.jpg",
      "tags": [
        "city-break",
        "culture",
        "food"
      ],
      "updatedAt": "2026-02-01T00:00:00Z"
    },
    {
      "slug": "macau",
      "city": "Macau",
      "country": "China SAR",
      "region": "East Asia",
      "languageCodes": [
        "zh-MO",
        "pt",
        "en"
      ],
      "heroImage": "/images/macau.jpg",
      "tags": [
        "city-break",
        "culture",
        "food"
      ],
      "updatedAt": "2026-02-01T00:00:00Z"
    },
    {
      "slug": "paris-france",
      "city": "Paris",
      "country": "France",
      "region": "Western Europe",
      "languageCodes": [
        "fr",
        "en"
      ],
      "heroImage": "/images/paris-france.jpg",
      "tags": [
        "city-break",
        "culture",
        "food"
      ],
      "updatedAt": "2026-02-01T00:00:00Z"
    },
    {
      "slug": "kuala-lumpur-malaysia",
      "city": "Kuala Lumpur",
      "country": "Malaysia",
      "region": "Southeast Asia",
      "languageCodes": [
        "ms",
        "en",
        "zh"
      ],
      "heroImage": "/images/kuala-lumpur-malaysia.jpg",
      "tags": [
        "city-break",
        "culture",
        "food"
      ],
      "updatedAt": "2026-02-01T00:00:00Z"
    }
  ]
}